Complexity,Loss,Equation
1,1.4154658103577071,"-0.009489795858187322"
2,1.361115791688428,"cos(x4)"
4,0.9618663594323369,"(cos(x4) - 0.6318618775114082)"
5,0.4595704947629402,"(cos(x4) - cos(x1))"
7,0.35022412018389365,"(cos(x4) - cos(x1 / 0.7849959112046645))"
10,0.05623083963633434,"(((cos(x4) * 2.105761114562267) - cos(x1)) - cos(x1))"
12,0.022170039440182452,"(((cos(x4) * 1.9446393518359861) - cos(x1)) - cos(x1 / 0.7849959112046645))"
14,0.021784880078320076,"(((cos(x4) * 1.9798202410083452) - cos(x1)) - (cos(x1 / 0.7741606146773935) - -0.04116386766912026))"
